EEGNET     , leaky_relu,4.00E-04,0.2,237,0.8676
EEGNET     , relu      ,4.00E-04,0.2,265,0.8676
EEGNET     , leaky_relu,2.00E-04,0.1,287,0.8667
EEGNET     , relu      ,4.00E-04,0.4,240,0.8657
EEGNET     , relu      ,4.00E-04,0.2,289,0.8639
EEGNET     , relu      ,4.00E-04,0.3,290,0.8639
EEGNET     , leaky_relu,4.00E-04,0.2,276,0.863
EEGNET     , relu      ,4.00E-04,0.5,274,0.863
EEGNET     , relu      ,2.00E-04,0.1,249,0.862
EEGNET     , leaky_relu,5.00E-04,0.4,223,0.862
EEGNET     , leaky_relu,3.00E-04,0.3,257,0.8611
EEGNET     , leaky_relu,3.00E-04,0.3,200,0.8611
EEGNET     , leaky_relu,4.00E-04,0.3,137,0.8611
EEGNET     , leaky_relu,4.00E-04,0.3,237,0.8602
EEGNET     , leaky_relu,4.00E-04,0.1,273,0.8602
EEGNET     , leaky_relu,4.00E-04,0.3,260,0.8602
EEGNET     , leaky_relu,5.00E-04,0.2,207,0.8602
EEGNET     , leaky_relu,5.00E-04,0.2,274,0.8602
EEGNET     , relu      ,2.00E-04,0.2,267,0.8593
EEGNET     , leaky_relu,3.00E-04,0.3,187,0.8593
EEGNET     , leaky_relu,3.00E-04,0.3,252,0.8593
EEGNET     , relu      ,4.00E-04,0.3,279,0.8593
EEGNET     , relu      ,5.00E-04,0.4,288,0.8593
EEGNET     , leaky_relu,4.00E-04,0.3,235,0.8583
EEGNET     , leaky_relu,4.00E-04,0.1,160,0.8583
EEGNET     , leaky_relu,4.00E-04,0.2,298,0.8583
EEGNET     , leaky_relu,4.00E-04,0.3,161,0.8583
EEGNET     , leaky_relu,4.00E-04,0.6,270,0.8583
EEGNET     , relu      ,4.00E-04,0.1,273,0.8583
EEGNET     , relu      ,5.00E-04,0.2,259,0.8583
EEGNET     , leaky_relu,3.00E-04,0.5,215,0.8574
EEGNET     , leaky_relu,3.00E-04,0.4,259,0.8574
EEGNET     , leaky_relu,3.00E-04,0.1,222,0.8574
EEGNET     , relu      ,3.00E-04,0.3,241,0.8574
EEGNET     , relu      ,4.00E-04,0.2,252,0.8574
EEGNET     , relu      ,4.00E-04,0.1,252,0.8574
EEGNET     , relu      ,4.00E-04,0.4,233,0.8574
EEGNET     , relu      ,4.00E-04,0.1,203,0.8574
EEGNET     , leaky_relu,3.00E-04,0.2,269,0.8565
EEGNET     , leaky_relu,3.00E-04,0.4,298,0.8565
EEGNET     , leaky_relu,4.00E-04,0.2,140,0.8565
EEGNET     , leaky_relu,4.00E-04,0.1,215,0.8565
EEGNET     , relu      ,4.00E-04,0.3,292,0.8565
EEGNET     , leaky_relu,4.00E-04,0.3,192,0.8565
EEGNET     , leaky_relu,2.00E-04,0.3,272,0.8556
EEGNET     , leaky_relu,2.00E-04,0.4,217,0.8556
EEGNET     , relu      ,2.00E-04,0.2,240,0.8556
EEGNET     , leaky_relu,3.00E-04,0.4,258,0.8556
EEGNET     , leaky_relu,3.00E-04,0.2,300,0.8556
EEGNET     , relu      ,4.00E-04,0.4,254,0.8556
EEGNET     , relu      ,4.00E-04,0.2,285,0.8556
EEGNET     , relu      ,4.00E-04,0.4,166,0.8556
EEGNET     , leaky_relu,4.00E-04,0.5,261,0.8556
EEGNET     , leaky_relu,4.00E-04,0.4,276,0.8556
EEGNET     , relu      ,4.00E-04,0.3,299,0.8556
EEGNET     , leaky_relu,5.00E-04,0.3,208,0.8556
EEGNET     , leaky_relu,2.00E-04,0.2,206,0.8546
EEGNET     , relu      ,3.00E-04,0.2,261,0.8546
EEGNET     , relu      ,3.00E-04,0.3,268,0.8546
EEGNET     , relu      ,3.00E-04,0.5,246,0.8546
EEGNET     , leaky_relu,3.00E-04,0.1,122,0.8546
EEGNET     , leaky_relu,4.00E-04,0.4,277,0.8546
EEGNET     , relu      ,4.00E-04,0.4,293,0.8546
EEGNET     , leaky_relu,4.00E-04,0.2,286,0.8546
EEGNET     , leaky_relu,5.00E-04,0.6,275,0.8546
EEGNET     , relu      ,2.00E-04,0.3,237,0.8537
EEGNET     , leaky_relu,2.00E-04,0.2,255,0.8537
EEGNET     , relu      ,2.00E-04,0.1,168,0.8537
EEGNET     , leaky_relu,3.00E-04,0.2,286,0.8537
EEGNET     , leaky_relu,3.00E-04,0.2,117,0.8537
EEGNET     , relu      ,4.00E-04,0.4,196,0.8537
EEGNET     , relu      ,5.00E-04,0.1,226,0.8537
EEGNET     , leaky_relu,5.00E-04,0.3,294,0.8537
EEGNET     , relu      ,2.00E-04,0.3,288,0.8528
EEGNET     , relu      ,2.00E-04,0.2,186,0.8528
EEGNET     , relu      ,2.00E-04,0.3,271,0.8528
EEGNET     , leaky_relu,2.00E-04,0.1,295,0.8528
EEGNET     , relu      ,3.00E-04,0.1,297,0.8528
EEGNET     , relu      ,3.00E-04,0.4,247,0.8528
EEGNET     , relu      ,3.00E-04,0.4,296,0.8528
EEGNET     , relu      ,3.00E-04,0.2,236,0.8528
EEGNET     , leaky_relu,3.00E-04,0.4,272,0.8528
EEGNET     , relu      ,3.00E-04,0.1,227,0.8528
EEGNET     , relu      ,3.00E-04,0.3,285,0.8528
EEGNET     , relu      ,4.00E-04,0.4,289,0.8528
EEGNET     , relu      ,4.00E-04,0.1,267,0.8528
EEGNET     , leaky_relu,4.00E-04,0.1,233,0.8528
EEGNET     , leaky_relu,4.00E-04,0.4,238,0.8528
EEGNET     , relu      ,2.00E-04,0.3,267,0.8519
EEGNET     , leaky_relu,3.00E-04,0.4,266,0.8519
EEGNET     , relu      ,3.00E-04,0.1,169,0.8519
EEGNET     , leaky_relu,3.00E-04,0.3,227,0.8519
EEGNET     , relu      ,3.00E-04,0.2,272,0.8519
EEGNET     , leaky_relu,4.00E-04,0.2,267,0.8519
EEGNET     , relu      ,4.00E-04,0.1,196,0.8519
EEGNET     , relu      ,4.00E-04,0.2,221,0.8519
EEGNET     , leaky_relu,4.00E-04,0.5,282,0.8519
EEGNET     , relu      ,5.00E-04,0.2,285,0.8519
EEGNET     , relu      ,2.00E-04,0.2,191,0.8509
EEGNET     , relu      ,2.00E-04,0.4,296,0.8509
EEGNET     , leaky_relu,3.00E-04,0.1,165,0.8509
EEGNET     , leaky_relu,3.00E-04,0.4,261,0.8509
EEGNET     , leaky_relu,3.00E-04,0.2,251,0.8509
EEGNET     , leaky_relu,3.00E-04,0.1,88,0.8509
EEGNET     , relu      ,3.00E-04,0.4,262,0.8509
EEGNET     , leaky_relu,3.00E-04,0.5,243,0.8509
EEGNET     , relu      ,4.00E-04,0.3,258,0.8509
EEGNET     , leaky_relu,4.00E-04,0.6,239,0.8509
EEGNET     , relu      ,4.00E-04,0.2,258,0.8509
EEGNET     , leaky_relu,5.00E-04,0.1,134,0.8509
EEGNET     , relu      ,2.00E-04,0.3,256,0.85
EEGNET     , leaky_relu,2.00E-04,0.2,225,0.85
EEGNET     , relu      ,2.00E-04,0.3,248,0.85
EEGNET     , leaky_relu,3.00E-04,0.2,285,0.85
EEGNET     , relu      ,3.00E-04,0.5,248,0.85
EEGNET     , leaky_relu,4.00E-04,0.4,291,0.85
EEGNET     , leaky_relu,4.00E-04,0.2,229,0.85
EEGNET     , relu      ,4.00E-04,0.4,248,0.85
EEGNET     , relu      ,4.00E-04,0.5,275,0.85
EEGNET     , leaky_relu,4.00E-04,0.5,294,0.85
EEGNET     , relu      ,2.00E-04,0.1,280,0.8491
EEGNET     , leaky_relu,2.00E-04,0.1,280,0.8491
EEGNET     , relu      ,2.00E-04,0.4,291,0.8491
EEGNET     , leaky_relu,2.00E-04,0.2,252,0.8491
EEGNET     , leaky_relu,3.00E-04,0.4,273,0.8491
EEGNET     , relu      ,3.00E-04,0.3,286,0.8491
EEGNET     , relu      ,3.00E-04,0.5,241,0.8491
EEGNET     , relu      ,3.00E-04,0.4,273,0.8491
EEGNET     , relu      ,4.00E-04,0.1,280,0.8491
EEGNET     , relu      ,4.00E-04,0.5,300,0.8491
EEGNET     , leaky_relu,4.00E-04,0.2,258,0.8491
EEGNET     , leaky_relu,4.00E-04,0.3,243,0.8491
EEGNET     , relu      ,5.00E-04,0.3,245,0.8491
EEGNET     , leaky_relu,1.00E-04,0.1,268,0.8481
EEGNET     , leaky_relu,2.00E-04,0.4,261,0.8481
EEGNET     , leaky_relu,2.00E-04,0.1,150,0.8481
EEGNET     , relu      ,3.00E-04,0.3,238,0.8481
EEGNET     , leaky_relu,3.00E-04,0.2,245,0.8481
EEGNET     , leaky_relu,3.00E-04,0.5,186,0.8481
EEGNET     , leaky_relu,4.00E-04,0.5,252,0.8481
EEGNET     , relu      ,4.00E-04,0.2,173,0.8481
EEGNET     , relu      ,4.00E-04,0.1,289,0.8481
EEGNET     , relu      ,4.00E-04,0.6,293,0.8481
EEGNET     , relu      ,4.00E-04,0.3,291,0.8481
EEGNET     , relu      ,4.00E-04,0.5,258,0.8481
EEGNET     , leaky_relu,4.00E-04,0.6,299,0.8481
EEGNET     , leaky_relu,4.00E-04,0.1,201,0.8481
EEGNET     , relu      ,4.00E-04,0.2,220,0.8481
EEGNET     , leaky_relu,5.00E-04,0.1,241,0.8481
EEGNET     , leaky_relu,1.00E-04,0.1,270,0.8472
EEGNET     , leaky_relu,2.00E-04,0.3,298,0.8472
EEGNET     , relu      ,2.00E-04,0.1,251,0.8472
EEGNET     , relu      ,2.00E-04,0.3,267,0.8472
EEGNET     , leaky_relu,2.00E-04,0.1,216,0.8472
EEGNET     , leaky_relu,3.00E-04,0.5,287,0.8472
EEGNET     , relu      ,3.00E-04,0.2,180,0.8472
EEGNET     , leaky_relu,3.00E-04,0.5,283,0.8472
EEGNET     , leaky_relu,3.00E-04,0.4,299,0.8472
EEGNET     , relu      ,3.00E-04,0.6,285,0.8472
EEGNET     , leaky_relu,3.00E-04,0.3,213,0.8472
EEGNET     , relu      ,3.00E-04,0.4,272,0.8472
EEGNET     , relu      ,4.00E-04,0.5,236,0.8472
EEGNET     , leaky_relu,4.00E-04,0.5,287,0.8472
EEGNET     , relu      ,4.00E-04,0.1,166,0.8472
EEGNET     , leaky_relu,4.00E-04,0.6,295,0.8472
EEGNET     , relu      ,4.00E-04,0.5,275,0.8472
EEGNET     , leaky_relu,4.00E-04,0.2,188,0.8472
EEGNET     , relu      ,1.00E-04,0.2,291,0.8463
EEGNET     , relu      ,2.00E-04,0.1,255,0.8463
EEGNET     , leaky_relu,2.00E-04,0.1,293,0.8463
EEGNET     , relu      ,2.00E-04,0.4,253,0.8463
EEGNET     , relu      ,3.00E-04,0.2,243,0.8463
EEGNET     , relu      ,4.00E-04,0.6,288,0.8463
EEGNET     , relu      ,4.00E-04,0.3,150,0.8463
EEGNET     , leaky_relu,4.00E-04,0.4,175,0.8463
EEGNET     , leaky_relu,4.00E-04,0.4,246,0.8463
EEGNET     , leaky_relu,4.00E-04,0.5,262,0.8463
EEGNET     , elu       ,4.00E-04,0.2,158,0.8463
EEGNET     , relu      ,4.00E-04,0.3,252,0.8463
EEGNET     , leaky_relu,4.00E-04,0.4,222,0.8463
EEGNET     , relu      ,4.00E-04,0.5,292,0.8463
EEGNET     , elu       ,5.00E-04,0.3,281,0.8463
EEGNET     , relu      ,1.00E-04,0.1,264,0.8454
EEGNET     , relu      ,2.00E-04,0.4,277,0.8454
EEGNET     , leaky_relu,2.00E-04,0.1,245,0.8454
EEGNET     , leaky_relu,2.00E-04,0.3,274,0.8454
EEGNET     , leaky_relu,2.00E-04,0.3,282,0.8454
EEGNET     , relu      ,3.00E-04,0.3,291,0.8454
EEGNET     , relu      ,3.00E-04,0.3,237,0.8454
EEGNET     , leaky_relu,4.00E-04,0.1,263,0.8454
EEGNET     , relu      ,4.00E-04,0.6,280,0.8454
EEGNET     , leaky_relu,4.00E-04,0.1,140,0.8454
EEGNET     , elu       ,4.00E-04,0.3,228,0.8454
EEGNET     , leaky_relu,2.00E-04,0.2,235,0.8444
EEGNET     , relu      ,2.00E-04,0.4,277,0.8444
EEGNET     , relu      ,2.00E-04,0.2,236,0.8444
EEGNET     , leaky_relu,3.00E-04,0.3,154,0.8444
EEGNET     , relu      ,3.00E-04,0.6,236,0.8444
EEGNET     , relu      ,3.00E-04,0.6,298,0.8444
EEGNET     , leaky_relu,3.00E-04,0.1,278,0.8444
EEGNET     , leaky_relu,4.00E-04,0.1,300,0.8444
EEGNET     , relu      ,5.00E-04,0.3,279,0.8444
EEGNET     , relu      ,5.00E-04,0.5,297,0.8444
EEGNET     , leaky_relu,1.00E-04,0.3,288,0.8435
EEGNET     , relu      ,1.00E-04,0.1,300,0.8435
EEGNET     , leaky_relu,2.00E-04,0.1,292,0.8435
EEGNET     , leaky_relu,2.00E-04,0.4,267,0.8435
EEGNET     , relu      ,2.00E-04,0.2,267,0.8435
EEGNET     , leaky_relu,2.00E-04,0.2,276,0.8435
EEGNET     , leaky_relu,3.00E-04,0.5,238,0.8435
EEGNET     , leaky_relu,3.00E-04,0.1,187,0.8435
EEGNET     , relu      ,3.00E-04,0.2,201,0.8435
EEGNET     , leaky_relu,3.00E-04,0.2,248,0.8435
EEGNET     , relu      ,3.00E-04,0.4,256,0.8435
EEGNET     , leaky_relu,4.00E-04,0.7,270,0.8435
EEGNET     , relu      ,4.00E-04,0.5,258,0.8435
EEGNET     , leaky_relu,4.00E-04,0.7,294,0.8435
EEGNET     , relu      ,4.00E-04,0.1,218,0.8435
EEGNET     , leaky_relu,1.00E-04,0.1,272,0.8426
EEGNET     , leaky_relu,2.00E-04,0.4,284,0.8426
EEGNET     , leaky_relu,2.00E-04,0.4,267,0.8426
EEGNET     , leaky_relu,2.00E-04,0.5,284,0.8426
EEGNET     , relu      ,3.00E-04,0.1,202,0.8426
EEGNET     , relu      ,3.00E-04,0.6,279,0.8426
EEGNET     , relu      ,3.00E-04,0.5,274,0.8426
EEGNET     , leaky_relu,4.00E-04,0.1,238,0.8426
EEGNET     , leaky_relu,4.00E-04,0.4,278,0.8426
EEGNET     , leaky_relu,4.00E-04,0.3,274,0.8426
EEGNET     , leaky_relu,4.00E-04,0.7,264,0.8426
EEGNET     , leaky_relu,4.00E-04,0.3,296,0.8426
EEGNET     , leaky_relu,4.00E-04,0.5,223,0.8426
EEGNET     , relu      ,5.00E-04,0.6,251,0.8426
EEGNET     , leaky_relu,2.00E-04,0.3,261,0.8417
EEGNET     , relu      ,2.00E-04,0.4,298,0.8417
EEGNET     , elu       ,3.00E-04,0.1,121,0.8417
EEGNET     , leaky_relu,3.00E-04,0.4,275,0.8417
EEGNET     , leaky_relu,3.00E-04,0.3,274,0.8417
EEGNET     , relu      ,4.00E-04,0.5,271,0.8417
EEGNET     , relu      ,4.00E-04,0.6,249,0.8417
EEGNET     , relu      ,4.00E-04,0.6,296,0.8417
EEGNET     , elu       ,4.00E-04,0.2,293,0.8417
EEGNET     , relu      ,4.00E-04,0.6,276,0.8417
EEGNET     , relu      ,4.00E-04,0.6,290,0.8417
EEGNET     , leaky_relu,5.00E-04,0.5,189,0.8417
EEGNET     , relu      ,1.00E-04,0.1,191,0.8407
EEGNET     , leaky_relu,2.00E-04,0.2,162,0.8407
EEGNET     , relu      ,2.00E-04,0.2,183,0.8407
EEGNET     , leaky_relu,2.00E-04,0.3,286,0.8407
EEGNET     , leaky_relu,2.00E-04,0.4,299,0.8407
EEGNET     , relu      ,2.00E-04,0.5,300,0.8407
EEGNET     , relu      ,2.00E-04,0.4,291,0.8407
EEGNET     , leaky_relu,3.00E-04,0.6,298,0.8407
EEGNET     , relu      ,3.00E-04,0.1,159,0.8407
EEGNET     , relu      ,3.00E-04,0.5,285,0.8407
EEGNET     , relu      ,3.00E-04,0.6,277,0.8407
EEGNET     , leaky_relu,4.00E-04,0.6,253,0.8407
EEGNET     , relu      ,1.00E-03,0,45,0.8398
EEGNET     , elu       ,1.00E-03,0,35,0.8398
EEGNET     , leaky_relu,1.00E-04,0.1,291,0.8398
EEGNET     , leaky_relu,1.00E-04,0.2,253,0.8398
EEGNET     , relu      ,2.00E-04,0.1,267,0.8398
EEGNET     , leaky_relu,2.00E-04,0.5,280,0.8398
EEGNET     , relu      ,2.00E-04,0.1,277,0.8398
EEGNET     , leaky_relu,2.00E-04,0.3,288,0.8398
EEGNET     , leaky_relu,3.00E-04,0.1,200,0.8398
EEGNET     , leaky_relu,3.00E-04,0.3,298,0.8398
EEGNET     , leaky_relu,3.00E-04,0.5,244,0.8398
EEGNET     , elu       ,3.00E-04,0.1,299,0.8398
EEGNET     , leaky_relu,4.00E-04,0.6,257,0.8398
EEGNET     , leaky_relu,4.00E-04,0.7,300,0.8398
EEGNET     , leaky_relu,1.00E-04,0.2,252,0.8389
EEGNET     , relu      ,2.00E-04,0.3,292,0.8389
EEGNET     , leaky_relu,2.00E-04,0.5,243,0.8389
EEGNET     , relu      ,2.00E-04,0.5,300,0.8389
EEGNET     , relu      ,3.00E-04,0.5,234,0.8389
EEGNET     , leaky_relu,3.00E-04,0.2,286,0.8389
EEGNET     , relu      ,3.00E-04,0.4,239,0.8389
EEGNET     , relu      ,3.00E-04,0.4,277,0.8389
EEGNET     , leaky_relu,4.00E-04,0.4,268,0.8389
EEGNET     , relu      ,4.00E-04,0.7,270,0.8389
EEGNET     , relu      ,4.00E-04,0.4,238,0.8389
EEGNET     , relu      ,4.00E-04,0.6,269,0.8389
EEGNET     , relu      ,5.00E-04,0.1,235,0.8389
EEGNET     , leaky_relu,1.00E-04,0.2,266,0.838
EEGNET     , relu      ,2.00E-04,0.5,297,0.838
EEGNET     , relu      ,2.00E-04,0.6,289,0.838
EEGNET     , relu      ,2.00E-04,0.2,286,0.838
EEGNET     , leaky_relu,2.00E-04,0.5,293,0.838
EEGNET     , leaky_relu,3.00E-04,0.6,283,0.838
EEGNET     , relu      ,4.00E-04,0.2,288,0.838
EEGNET     , leaky_relu,4.00E-04,0.6,179,0.838
EEGNET     , relu      ,1.00E-04,0.2,285,0.837
EEGNET     , leaky_relu,2.00E-04,0.1,285,0.837
EEGNET     , relu      ,3.00E-04,0.1,230,0.837
EEGNET     , relu      ,3.00E-04,0.1,175,0.837
EEGNET     , relu      ,3.00E-04,0.7,249,0.837
EEGNET     , leaky_relu,3.00E-04,0.5,174,0.837
EEGNET     , leaky_relu,4.00E-04,0.7,269,0.837
EEGNET     , relu      ,1.00E-04,0.3,225,0.8361
EEGNET     , leaky_relu,1.00E-04,0.2,293,0.8361
EEGNET     , relu      ,1.00E-04,0.3,281,0.8361
EEGNET     , leaky_relu,1.00E-04,0.1,286,0.8361
EEGNET     , leaky_relu,2.00E-04,0.2,295,0.8361
EEGNET     , relu      ,2.00E-04,0.4,285,0.8361
EEGNET     , relu      ,4.00E-04,0.3,290,0.8361
EEGNET     , leaky_relu,4.00E-04,0.7,281,0.8361
EEGNET     , elu       ,4.00E-04,0.4,178,0.8361
EEGNET     , leaky_relu,1.00E-04,0.2,286,0.8352
EEGNET     , relu      ,1.00E-04,0.3,265,0.8352
EEGNET     , relu      ,2.00E-04,0.3,259,0.8352
EEGNET     , relu      ,2.00E-04,0.1,250,0.8352
EEGNET     , elu       ,2.00E-04,0.1,267,0.8352
EEGNET     , relu      ,2.00E-04,0.5,274,0.8352
EEGNET     , relu      ,3.00E-04,0.3,297,0.8352
EEGNET     , relu      ,3.00E-04,0.3,281,0.8352
EEGNET     , leaky_relu,3.00E-04,0.6,202,0.8352
EEGNET     , leaky_relu,3.00E-04,0.6,300,0.8352
EEGNET     , elu       ,4.00E-04,0.1,65,0.8352
EEGNET     , relu      ,4.00E-04,0.7,296,0.8352
EEGNET     , elu       ,5.00E-04,0.1,182,0.8352
EEGNET     , relu      ,1.00E-04,0.1,299,0.8343
EEGNET     , leaky_relu,1.00E-04,0.4,293,0.8343
EEGNET     , elu       ,1.00E-04,0.1,289,0.8343
EEGNET     , leaky_relu,1.00E-04,0.4,282,0.8343
EEGNET     , leaky_relu,2.00E-04,0.2,295,0.8343
EEGNET     , elu       ,2.00E-04,0.1,275,0.8343
EEGNET     , elu       ,2.00E-04,0.4,269,0.8343
EEGNET     , relu      ,3.00E-04,0.2,272,0.8343
EEGNET     , leaky_relu,3.00E-04,0.7,288,0.8343
EEGNET     , relu      ,3.00E-04,0.5,298,0.8343
EEGNET     , leaky_relu,3.00E-04,0.5,289,0.8343
EEGNET     , leaky_relu,3.00E-04,0.6,224,0.8343
EEGNET     , relu      ,3.00E-04,0.1,297,0.8343
EEGNET     , leaky_relu,4.00E-04,0.6,270,0.8343
EEGNET     , elu       ,4.00E-04,0.5,194,0.8343
EEGNET     , leaky_relu,1.00E-04,0.1,267,0.8333
EEGNET     , relu      ,1.00E-04,0.4,292,0.8333
EEGNET     , leaky_relu,1.00E-04,0.1,244,0.8333
EEGNET     , leaky_relu,1.00E-04,0.3,264,0.8333
EEGNET     , leaky_relu,2.00E-04,0.3,237,0.8333
EEGNET     , relu      ,3.00E-04,0.4,260,0.8333
EEGNET     , relu      ,3.00E-04,0.1,290,0.8333
EEGNET     , relu      ,3.00E-04,0.5,221,0.8333
EEGNET     , elu       ,3.00E-04,0.2,220,0.8333
EEGNET     , relu      ,4.00E-04,0.6,269,0.8333
EEGNET     , elu       ,4.00E-04,0.3,243,0.8333
EEGNET     , leaky_relu,4.00E-04,0.6,300,0.8333
EEGNET     , leaky_relu,4.00E-04,0.5,188,0.8333
EEGNET     , leaky_relu,1.00E-04,0.2,226,0.8324
EEGNET     , leaky_relu,1.00E-04,0.4,297,0.8324
EEGNET     , leaky_relu,2.00E-04,0.5,287,0.8324
EEGNET     , relu      ,2.00E-04,0.5,255,0.8324
EEGNET     , leaky_relu,2.00E-04,0.5,279,0.8324
EEGNET     , leaky_relu,3.00E-04,0.1,195,0.8324
EEGNET     , elu       ,4.00E-04,0.2,285,0.8324
EEGNET     , elu       ,4.00E-04,0.2,221,0.8324
EEGNET     , leaky_relu,1.00E-04,0.1,200,0.8315
EEGNET     , relu      ,1.00E-04,0.3,272,0.8315
EEGNET     , elu       ,2.00E-04,0.3,275,0.8315
EEGNET     , leaky_relu,2.00E-04,0.5,296,0.8315
EEGNET     , leaky_relu,3.00E-04,0.6,298,0.8315
EEGNET     , relu      ,3.00E-04,0.2,284,0.8315
EEGNET     , leaky_relu,4.00E-04,0.5,219,0.8315
EEGNET     , elu       ,4.00E-04,0.3,271,0.8315
EEGNET     , relu      ,4.00E-04,0.7,282,0.8315
EEGNET     , elu       ,5.00E-04,0.2,168,0.8315
EEGNET     , relu      ,5.00E-04,0.7,288,0.8315
EEGNET     , relu      ,1.00E-04,0.3,286,0.8306
EEGNET     , relu      ,2.00E-04,0.1,235,0.8306
EEGNET     , leaky_relu,2.00E-04,0.3,187,0.8306
EEGNET     , elu       ,3.00E-04,0.2,300,0.8306
EEGNET     , relu      ,3.00E-04,0.2,273,0.8306
EEGNET     , elu       ,4.00E-04,0.2,161,0.8306
EEGNET     , elu       ,4.00E-04,0.6,297,0.8306
EEGNET     , elu       ,4.00E-04,0.4,222,0.8306
EEGNET     , leaky_relu,1.00E-03,0,88,0.8296
EEGNET     , relu      ,1.00E-04,0.2,292,0.8296
EEGNET     , leaky_relu,1.00E-04,0.4,284,0.8296
EEGNET     , relu      ,1.00E-04,0.1,288,0.8296
EEGNET     , leaky_relu,1.00E-04,0.3,296,0.8296
EEGNET     , leaky_relu,1.00E-04,0.2,275,0.8296
EEGNET     , relu      ,2.00E-04,0.5,263,0.8296
EEGNET     , elu       ,2.00E-04,0.3,238,0.8296
EEGNET     , leaky_relu,2.00E-04,0.6,292,0.8296
EEGNET     , elu       ,3.00E-04,0.4,178,0.8296
EEGNET     , leaky_relu,3.00E-04,0.1,257,0.8296
EEGNET     , elu       ,3.00E-04,0.6,234,0.8296
EEGNET     , elu       ,4.00E-04,0.3,241,0.8296
EEGNET     , elu       ,2.00E-04,0.2,259,0.8287
EEGNET     , relu      ,2.00E-04,0.6,281,0.8287
EEGNET     , relu      ,2.00E-04,0.6,296,0.8287
EEGNET     , elu       ,3.00E-04,0.3,296,0.8287
EEGNET     , elu       ,3.00E-04,0.1,170,0.8287
EEGNET     , elu       ,5.00E-04,0.3,278,0.8287
EEGNET     , relu      ,1.00E-04,0.3,299,0.8278
EEGNET     , relu      ,1.00E-04,0.3,244,0.8278
EEGNET     , relu      ,1.00E-04,0.5,275,0.8278
EEGNET     , relu      ,2.00E-04,0.5,273,0.8278
EEGNET     , relu      ,2.00E-04,0.2,215,0.8278
EEGNET     , relu      ,3.00E-04,0.6,296,0.8278
EEGNET     , elu       ,3.00E-04,0.4,229,0.8278
EEGNET     , relu      ,3.00E-04,0.6,294,0.8278
EEGNET     , elu       ,3.00E-04,0.3,294,0.8278
EEGNET     , elu       ,3.00E-04,0.3,240,0.8278
EEGNET     , elu       ,3.00E-04,0.1,247,0.8278
EEGNET     , elu       ,4.00E-04,0.5,254,0.8278
EEGNET     , elu       ,4.00E-04,0.1,186,0.8278
EEGNET     , relu      ,1.00E-04,0.2,279,0.8269
EEGNET     , relu      ,1.00E-04,0.4,295,0.8269
EEGNET     , relu      ,2.00E-04,0.6,270,0.8269
EEGNET     , leaky_relu,2.00E-04,0.6,265,0.8269
EEGNET     , elu       ,2.00E-04,0.2,275,0.8269
EEGNET     , elu       ,2.00E-04,0.1,191,0.8269
EEGNET     , elu       ,3.00E-04,0.1,178,0.8269
EEGNET     , leaky_relu,3.00E-04,0.7,274,0.8269
EEGNET     , elu       ,4.00E-04,0.1,294,0.8269
EEGNET     , relu      ,4.00E-04,0.7,300,0.8269
EEGNET     , relu      ,1.00E-04,0.4,300,0.8259
EEGNET     , relu      ,2.00E-04,0.4,283,0.8259
EEGNET     , leaky_relu,2.00E-04,0.6,245,0.8259
EEGNET     , leaky_relu,3.00E-04,0.6,282,0.8259
EEGNET     , elu       ,4.00E-04,0.2,219,0.8259
EEGNET     , elu       ,5.00E-04,0.4,263,0.8259
EEGNET     , relu      ,1.00E-04,0.4,217,0.825
EEGNET     , leaky_relu,2.00E-04,0.4,286,0.825
EEGNET     , relu      ,2.00E-04,0.6,209,0.825
EEGNET     , leaky_relu,3.00E-04,0.7,207,0.825
EEGNET     , elu       ,3.00E-04,0.4,251,0.825
EEGNET     , elu       ,3.00E-04,0.4,195,0.825
EEGNET     , relu      ,4.00E-04,0.7,235,0.825
EEGNET     , elu       ,4.00E-04,0.4,226,0.825
EEGNET     , leaky_relu,1.00E-04,0.5,278,0.8241
EEGNET     , relu      ,1.00E-04,0.3,291,0.8241
EEGNET     , leaky_relu,1.00E-04,0.3,189,0.8241
EEGNET     , elu       ,1.00E-04,0.1,262,0.8241
EEGNET     , elu       ,2.00E-04,0.3,261,0.8241
EEGNET     , elu       ,2.00E-04,0.2,215,0.8241
EEGNET     , elu       ,3.00E-04,0.2,107,0.8241
EEGNET     , elu       ,4.00E-04,0.3,193,0.8241
EEGNET     , elu       ,4.00E-04,0.5,298,0.8241
EEGNET     , elu       ,4.00E-04,0.4,247,0.8241
EEGNET     , leaky_relu,4.00E-04,0.8,266,0.8241
EEGNET     , elu       ,4.00E-04,0.5,300,0.8241
EEGNET     , leaky_relu,5.00E-04,0.7,270,0.8241
EEGNET     , relu      ,1.00E-04,0.2,273,0.8231
EEGNET     , leaky_relu,2.00E-04,0.6,265,0.8231
EEGNET     , elu       ,2.00E-04,0.1,235,0.8231
EEGNET     , elu       ,2.00E-04,0.3,220,0.8231
EEGNET     , leaky_relu,2.00E-04,0.6,291,0.8231
EEGNET     , relu      ,2.00E-04,0.7,272,0.8231
EEGNET     , relu      ,3.00E-04,0.6,243,0.8231
EEGNET     , elu       ,3.00E-04,0.1,201,0.8231
EEGNET     , elu       ,4.00E-04,0.5,184,0.8231
EEGNET     , leaky_relu,4.00E-04,0.7,284,0.8231
EEGNET     , elu       ,4.00E-04,0.3,270,0.8231
EEGNET     , relu      ,4.00E-04,0.8,246,0.8231
EEGNET     , elu       ,4.00E-04,0.1,166,0.8231
EEGNET     , elu       ,5.00E-04,0.5,231,0.8231
EEGNET     , leaky_relu,5.00E-04,0.8,283,0.8231
EEGNET     , elu       ,5.00E-04,0.2,208,0.8231
EEGNET     , leaky_relu,1.00E-04,0.1,214,0.8222
EEGNET     , relu      ,1.00E-04,0.4,287,0.8222
EEGNET     , leaky_relu,1.00E-04,0.4,287,0.8222
EEGNET     , relu      ,1.00E-04,0.1,284,0.8222
EEGNET     , relu      ,1.00E-04,0.2,294,0.8222
EEGNET     , elu       ,2.00E-04,0.2,185,0.8222
EEGNET     , elu       ,2.00E-04,0.4,300,0.8222
EEGNET     , relu      ,2.00E-04,0.5,261,0.8222
EEGNET     , relu      ,2.00E-04,0.6,285,0.8222
EEGNET     , relu      ,3.00E-04,0.5,280,0.8222
EEGNET     , elu       ,3.00E-04,0.1,236,0.8222
EEGNET     , elu       ,3.00E-04,0.2,200,0.8222
EEGNET     , elu       ,3.00E-04,0.2,273,0.8222
EEGNET     , elu       ,3.00E-04,0.5,261,0.8222
EEGNET     , relu      ,4.00E-04,0.7,300,0.8222
EEGNET     , relu      ,1.00E-04,0.4,288,0.8213
EEGNET     , leaky_relu,1.00E-04,0.5,274,0.8213
EEGNET     , elu       ,2.00E-04,0.1,243,0.8213
EEGNET     , leaky_relu,2.00E-04,0.4,284,0.8213
EEGNET     , elu       ,2.00E-04,0.4,198,0.8213
EEGNET     , elu       ,2.00E-04,0.5,258,0.8213
EEGNET     , relu      ,2.00E-04,0.6,265,0.8213
EEGNET     , relu      ,3.00E-04,0.6,296,0.8213
EEGNET     , leaky_relu,3.00E-04,0.8,282,0.8213
EEGNET     , elu       ,3.00E-04,0.2,184,0.8213
EEGNET     , leaky_relu,3.00E-04,0.7,262,0.8213
EEGNET     , elu       ,4.00E-04,0.2,285,0.8213
EEGNET     , relu      ,4.00E-04,0.7,251,0.8213
EEGNET     , leaky_relu,4.00E-04,0.7,263,0.8213
EEGNET     , leaky_relu,1.00E-04,0.5,294,0.8204
EEGNET     , relu      ,1.00E-04,0.2,258,0.8204
EEGNET     , relu      ,1.00E-04,0.4,289,0.8204
EEGNET     , leaky_relu,2.00E-04,0.7,284,0.8204
EEGNET     , elu       ,2.00E-04,0.2,157,0.8204
EEGNET     , elu       ,2.00E-04,0.3,225,0.8204
EEGNET     , elu       ,2.00E-04,0.2,234,0.8204
EEGNET     , leaky_relu,2.00E-04,0.7,297,0.8204
EEGNET     , relu      ,2.00E-04,0.5,255,0.8204
EEGNET     , leaky_relu,2.00E-04,0.4,254,0.8204
EEGNET     , elu       ,2.00E-04,0.4,223,0.8204
EEGNET     , elu       ,4.00E-04,0.1,178,0.8204
EEGNET     , elu       ,5.00E-04,0.1,218,0.8204
EEGNET     , elu       ,5.00E-04,0.6,245,0.8204
EEGNET     , leaky_relu,1.00E-04,0.3,296,0.8194
EEGNET     , elu       ,2.00E-04,0.3,293,0.8194
EEGNET     , leaky_relu,2.00E-04,0.6,284,0.8194
EEGNET     , relu      ,3.00E-04,0.7,287,0.8194
EEGNET     , leaky_relu,3.00E-04,0.7,256,0.8194
EEGNET     , leaky_relu,3.00E-04,0.7,208,0.8194
EEGNET     , elu       ,3.00E-04,0.6,262,0.8194
EEGNET     , elu       ,3.00E-04,0.4,283,0.8194
EEGNET     , relu      ,4.00E-04,0.7,284,0.8194
EEGNET     , leaky_relu,4.00E-04,0.7,295,0.8194
EEGNET     , relu      ,1.00E-04,0.2,124,0.8185
EEGNET     , leaky_relu,1.00E-04,0.6,260,0.8185
EEGNET     , leaky_relu,1.00E-04,0.5,245,0.8185
EEGNET     , leaky_relu,1.00E-04,0.2,274,0.8185
EEGNET     , relu      ,2.00E-04,0.6,278,0.8185
EEGNET     , relu      ,2.00E-04,0.7,292,0.8185
EEGNET     , elu       ,3.00E-04,0.2,256,0.8185
EEGNET     , relu      ,3.00E-04,0.7,232,0.8185
EEGNET     , elu       ,3.00E-04,0.1,187,0.8185
EEGNET     , relu      ,3.00E-04,0.7,285,0.8185
EEGNET     , elu       ,4.00E-04,0.4,251,0.8185
EEGNET     , elu       ,4.00E-04,0.1,223,0.8185
EEGNET     , relu      ,1.00E-04,0.5,282,0.8176
EEGNET     , leaky_relu,2.00E-04,0.6,284,0.8176
EEGNET     , elu       ,2.00E-04,0.2,269,0.8176
EEGNET     , relu      ,2.00E-04,0.7,300,0.8176
EEGNET     , elu       ,3.00E-04,0.4,243,0.8176
EEGNET     , elu       ,3.00E-04,0.5,241,0.8176
EEGNET     , leaky_relu,3.00E-04,0.7,300,0.8176
EEGNET     , elu       ,4.00E-04,0.7,266,0.8176
EEGNET     , elu       ,4.00E-04,0.4,249,0.8176
EEGNET     , elu       ,4.00E-04,0.2,180,0.8176
EEGNET     , elu       ,4.00E-04,0.6,261,0.8176
EEGNET     , relu      ,1.00E-04,0.1,271,0.8167
EEGNET     , relu      ,1.00E-04,0.2,287,0.8167
EEGNET     , relu      ,1.00E-04,0.1,280,0.8167
EEGNET     , leaky_relu,1.00E-04,0.3,280,0.8167
EEGNET     , relu      ,2.00E-04,0.6,220,0.8167
EEGNET     , relu      ,2.00E-04,0.7,300,0.8167
EEGNET     , elu       ,3.00E-04,0.4,207,0.8167
EEGNET     , elu       ,3.00E-04,0.6,273,0.8167
EEGNET     , leaky_relu,3.00E-04,0.6,287,0.8167
EEGNET     , elu       ,3.00E-04,0.2,268,0.8167
EEGNET     , relu      ,3.00E-04,0.7,292,0.8167
EEGNET     , elu       ,4.00E-04,0.1,72,0.8167
EEGNET     , elu       ,4.00E-04,0.1,300,0.8167
EEGNET     , elu       ,4.00E-04,0.5,273,0.8167
EEGNET     , relu      ,1.00E-04,0.2,269,0.8157
EEGNET     , leaky_relu,1.00E-04,0.4,256,0.8157
EEGNET     , relu      ,1.00E-04,0.5,295,0.8157
EEGNET     , relu      ,1.00E-04,0.5,283,0.8157
EEGNET     , elu       ,2.00E-04,0.3,296,0.8157
EEGNET     , leaky_relu,2.00E-04,0.6,292,0.8157
EEGNET     , leaky_relu,3.00E-04,0.7,288,0.8157
EEGNET     , leaky_relu,3.00E-04,0.6,296,0.8157
EEGNET     , leaky_relu,1.00E-04,0.3,272,0.8148
EEGNET     , leaky_relu,1.00E-04,0.4,296,0.8148
EEGNET     , elu       ,2.00E-04,0.5,258,0.8148
EEGNET     , leaky_relu,2.00E-04,0.7,288,0.8148
EEGNET     , relu      ,3.00E-04,0.7,284,0.8148
EEGNET     , relu      ,3.00E-04,0.7,243,0.8148
EEGNET     , elu       ,4.00E-04,0.6,281,0.8148
EEGNET     , elu       ,4.00E-04,0.6,297,0.8148
EEGNET     , relu      ,4.00E-04,0.7,248,0.8148
EEGNET     , leaky_relu,1.00E-04,0.4,270,0.8139
EEGNET     , leaky_relu,1.00E-04,0.6,273,0.8139
EEGNET     , relu      ,1.00E-04,0.3,242,0.8139
EEGNET     , elu       ,2.00E-04,0.6,237,0.8139
EEGNET     , elu       ,3.00E-04,0.1,214,0.8139
EEGNET     , elu       ,3.00E-04,0.5,287,0.8139
EEGNET     , elu       ,3.00E-04,0.3,251,0.8139
EEGNET     , elu       ,4.00E-04,0.2,257,0.8139
EEGNET     , elu       ,4.00E-04,0.3,179,0.8139
EEGNET     , elu       ,4.00E-04,0.6,231,0.8139
EEGNET     , relu      ,5.00E-04,0.8,232,0.8139
EEGNET     , elu       ,1.00E-04,0.1,293,0.813
EEGNET     , relu      ,2.00E-04,0.7,269,0.813
EEGNET     , elu       ,3.00E-04,0.5,194,0.813
EEGNET     , elu       ,3.00E-04,0.5,226,0.813
EEGNET     , relu      ,1.00E-04,0.5,245,0.812
EEGNET     , leaky_relu,1.00E-04,0.5,267,0.812
EEGNET     , leaky_relu,2.00E-04,0.5,284,0.812
EEGNET     , leaky_relu,2.00E-04,0.7,250,0.812
EEGNET     , elu       ,2.00E-04,0.5,283,0.812
EEGNET     , elu       ,2.00E-04,0.3,281,0.812
EEGNET     , elu       ,3.00E-04,0.3,293,0.812
EEGNET     , relu      ,3.00E-04,0.7,282,0.812
EEGNET     , leaky_relu,4.00E-04,0.8,257,0.812
EEGNET     , elu       ,4.00E-04,0.5,269,0.812
EEGNET     , leaky_relu,1.00E-04,0.3,293,0.8111
EEGNET     , leaky_relu,1.00E-04,0.5,297,0.8111
EEGNET     , relu      ,1.00E-04,0.5,266,0.8111
EEGNET     , leaky_relu,2.00E-04,0.7,238,0.8111
EEGNET     , elu       ,2.00E-04,0.6,266,0.8111
EEGNET     , relu      ,2.00E-04,0.7,187,0.8111
EEGNET     , leaky_relu,2.00E-04,0.5,284,0.8111
EEGNET     , elu       ,3.00E-04,0.5,291,0.8111
EEGNET     , elu       ,3.00E-04,0.3,252,0.8111
EEGNET     , elu       ,3.00E-04,0.5,271,0.8111
EEGNET     , elu       ,4.00E-04,0.1,217,0.8111
EEGNET     , relu      ,1.00E-04,0.3,124,0.8102
EEGNET     , elu       ,1.00E-04,0.3,298,0.8102
EEGNET     , elu       ,2.00E-04,0.1,193,0.8102
EEGNET     , relu      ,3.00E-04,0.8,289,0.8102
EEGNET     , elu       ,3.00E-04,0.6,294,0.8102
EEGNET     , elu       ,4.00E-04,0.4,257,0.8102
EEGNET     , elu       ,4.00E-04,0.3,291,0.8102
EEGNET     , elu       ,4.00E-04,0.4,298,0.8102
EEGNET     , leaky_relu,4.00E-04,0.8,264,0.8102
EEGNET     , elu       ,4.00E-04,0.5,246,0.8102
EEGNET     , leaky_relu,1.00E-04,0.5,270,0.8093
EEGNET     , elu       ,1.00E-04,0.1,300,0.8093
EEGNET     , elu       ,1.00E-04,0.4,290,0.8093
EEGNET     , elu       ,1.00E-04,0.4,251,0.8093
EEGNET     , elu       ,2.00E-04,0.4,244,0.8093
EEGNET     , elu       ,3.00E-04,0.2,197,0.8093
EEGNET     , elu       ,3.00E-04,0.4,192,0.8093
EEGNET     , leaky_relu,4.00E-04,0.8,294,0.8093
EEGNET     , leaky_relu,1.00E-04,0.6,297,0.8083
EEGNET     , relu      ,1.00E-04,0.6,271,0.8083
EEGNET     , relu      ,1.00E-04,0.5,289,0.8083
EEGNET     , elu       ,2.00E-04,0.1,103,0.8083
EEGNET     , elu       ,2.00E-04,0.2,266,0.8083
EEGNET     , elu       ,2.00E-04,0.4,269,0.8083
EEGNET     , elu       ,3.00E-04,0.3,298,0.8083
EEGNET     , elu       ,3.00E-04,0.6,272,0.8083
EEGNET     , elu       ,3.00E-04,0.6,168,0.8083
EEGNET     , leaky_relu,4.00E-04,0.8,291,0.8083
EEGNET     , elu       ,4.00E-04,0.6,186,0.8083
EEGNET     , leaky_relu,1.00E-04,0.6,297,0.8074
EEGNET     , relu      ,1.00E-04,0.6,299,0.8074
EEGNET     , leaky_relu,1.00E-04,0.6,290,0.8074
EEGNET     , elu       ,2.00E-04,0.3,255,0.8074
EEGNET     , elu       ,3.00E-04,0.3,240,0.8074
EEGNET     , relu      ,3.00E-04,0.8,291,0.8074
EEGNET     , relu      ,3.00E-04,0.7,272,0.8074
EEGNET     , relu      ,4.00E-04,0.8,253,0.8074
EEGNET     , relu      ,4.00E-04,0.8,260,0.8074
EEGNET     , elu       ,1.00E-04,0.2,291,0.8065
EEGNET     , elu       ,2.00E-04,0.2,273,0.8065
EEGNET     , relu      ,2.00E-04,0.7,298,0.8065
EEGNET     , elu       ,2.00E-04,0.5,260,0.8065
EEGNET     , relu      ,2.00E-04,0.7,241,0.8065
EEGNET     , elu       ,3.00E-04,0.4,243,0.8065
EEGNET     , relu      ,3.00E-04,0.8,300,0.8065
EEGNET     , relu      ,4.00E-04,0.8,276,0.8065
EEGNET     , leaky_relu,4.00E-04,0.8,287,0.8065
EEGNET     , elu       ,4.00E-04,0.7,271,0.8065
EEGNET     , elu       ,5.00E-04,0.7,299,0.8065
EEGNET     , relu      ,1.00E-04,0.6,288,0.8056
EEGNET     , elu       ,1.00E-04,0.3,282,0.8056
EEGNET     , relu      ,1.00E-04,0.6,297,0.8056
EEGNET     , leaky_relu,1.00E-04,0.2,273,0.8056
EEGNET     , elu       ,1.00E-04,0.4,300,0.8056
EEGNET     , leaky_relu,2.00E-04,0.7,265,0.8056
EEGNET     , elu       ,2.00E-04,0.6,300,0.8056
EEGNET     , elu       ,2.00E-04,0.6,281,0.8056
EEGNET     , leaky_relu,2.00E-04,0.7,284,0.8056
EEGNET     , elu       ,3.00E-04,0.5,290,0.8056
EEGNET     , leaky_relu,3.00E-04,0.8,200,0.8056
EEGNET     , elu       ,4.00E-04,0.3,245,0.8056
EEGNET     , elu       ,4.00E-04,0.6,287,0.8056
EEGNET     , elu       ,1.00E-04,0.1,284,0.8046
EEGNET     , relu      ,1.00E-04,0.4,279,0.8046
EEGNET     , leaky_relu,1.00E-04,0.4,286,0.8046
EEGNET     , elu       ,3.00E-04,0.6,271,0.8046
EEGNET     , elu       ,4.00E-04,0.6,280,0.8046
EEGNET     , relu      ,1.00E-04,0.6,282,0.8037
EEGNET     , elu       ,1.00E-04,0.2,275,0.8037
EEGNET     , leaky_relu,1.00E-04,0.6,274,0.8037
EEGNET     , relu      ,1.00E-04,0.5,291,0.8037
EEGNET     , elu       ,1.00E-04,0.1,201,0.8037
EEGNET     , elu       ,2.00E-04,0.5,292,0.8037
EEGNET     , elu       ,3.00E-04,0.7,276,0.8037
EEGNET     , elu       ,4.00E-04,0.4,296,0.8037
EEGNET     , elu       ,1.00E-04,0.4,272,0.8028
EEGNET     , elu       ,1.00E-04,0.2,260,0.8028
EEGNET     , leaky_relu,1.00E-04,0.5,293,0.8028
EEGNET     , leaky_relu,2.00E-04,0.7,234,0.8028
EEGNET     , relu      ,3.00E-04,0.8,296,0.8028
EEGNET     , elu       ,3.00E-04,0.6,283,0.8028
EEGNET     , elu       ,4.00E-04,0.7,298,0.8028
EEGNET     , elu       ,4.00E-04,0.5,278,0.8028
EEGNET     , elu       ,4.00E-04,0.7,243,0.8028
EEGNET     , relu      ,1.00E-04,0.5,270,0.8019
EEGNET     , relu      ,1.00E-04,0.4,278,0.8019
EEGNET     , elu       ,2.00E-04,0.4,260,0.8019
EEGNET     , elu       ,2.00E-04,0.4,272,0.8019
EEGNET     , leaky_relu,2.00E-04,0.6,194,0.8019
EEGNET     , elu       ,2.00E-04,0.4,254,0.8019
EEGNET     , elu       ,3.00E-04,0.6,247,0.8019
EEGNET     , leaky_relu,4.00E-04,0.8,210,0.8019
EEGNET     , relu      ,1.00E-04,0.1,125,0.8009
EEGNET     , leaky_relu,1.00E-04,0.1,150,0.8009
EEGNET     , elu       ,1.00E-04,0.3,271,0.8009
EEGNET     , elu       ,2.00E-04,0.6,274,0.8009
EEGNET     , leaky_relu,3.00E-04,0.8,257,0.8009
EEGNET     , elu       ,3.00E-04,0.5,295,0.8009
EEGNET     , relu      ,4.00E-04,0.8,276,0.8009
EEGNET     , elu       ,1.00E-04,0.4,233,0.8
EEGNET     , leaky_relu,1.00E-04,0.7,278,0.8
EEGNET     , elu       ,1.00E-04,0.3,292,0.8
EEGNET     , leaky_relu,3.00E-04,0.7,299,0.8
EEGNET     , leaky_relu,3.00E-04,0.8,298,0.8
EEGNET     , elu       ,4.00E-04,0.7,300,0.8
EEGNET     , relu      ,1.00E-04,0.4,114,0.7991
EEGNET     , elu       ,2.00E-04,0.5,247,0.7991
EEGNET     , relu      ,3.00E-04,0.8,259,0.7991
EEGNET     , relu      ,4.00E-04,0.8,281,0.7991
EEGNET     , leaky_relu,1.00E-04,0.3,145,0.7981
EEGNET     , elu       ,1.00E-04,0.2,158,0.7981
EEGNET     , elu       ,2.00E-04,0.5,292,0.7981
EEGNET     , elu       ,3.00E-04,0.7,285,0.7981
EEGNET     , leaky_relu,3.00E-04,0.8,298,0.7981
EEGNET     , elu       ,4.00E-04,0.6,234,0.7981
EEGNET     , relu      ,4.00E-04,0.8,285,0.7981
EEGNET     , elu       ,4.00E-04,0.7,277,0.7981
EEGNET     , relu      ,4.00E-04,0.8,269,0.7981
EEGNET     , leaky_relu,4.00E-04,0.8,257,0.7981
EEGNET     , elu       ,1.00E-04,0.5,262,0.7972
EEGNET     , relu      ,3.00E-04,0.8,290,0.7972
EEGNET     , leaky_relu,1.00E-04,0.7,297,0.7963
EEGNET     , elu       ,1.00E-04,0.5,292,0.7963
EEGNET     , leaky_relu,1.00E-04,0.6,252,0.7963
EEGNET     , leaky_relu,2.00E-04,0.7,172,0.7963
EEGNET     , leaky_relu,3.00E-04,0.8,236,0.7963
EEGNET     , leaky_relu,3.00E-04,0.8,291,0.7963
EEGNET     , elu       ,3.00E-04,0.7,289,0.7963
EEGNET     , elu       ,4.00E-04,0.7,203,0.7963
EEGNET     , relu      ,1.00E-04,0.6,283,0.7954
EEGNET     , elu       ,2.00E-04,0.1,284,0.7954
EEGNET     , elu       ,2.00E-04,0.6,288,0.7954
EEGNET     , elu       ,3.00E-04,0.8,293,0.7954
EEGNET     , leaky_relu,1.00E-04,0.7,271,0.7944
EEGNET     , relu      ,1.00E-04,0.6,292,0.7944
EEGNET     , elu       ,1.00E-04,0.3,295,0.7944
EEGNET     , leaky_relu,2.00E-04,0.8,216,0.7944
EEGNET     , relu      ,3.00E-04,0.8,256,0.7944
EEGNET     , elu       ,3.00E-04,0.7,248,0.7944
EEGNET     , elu       ,1.00E-04,0.1,234,0.7935
EEGNET     , relu      ,1.00E-04,0.1,173,0.7935
EEGNET     , leaky_relu,2.00E-04,0.8,277,0.7935
EEGNET     , elu       ,3.00E-04,0.8,273,0.7935
EEGNET     , leaky_relu,3.00E-04,0.8,287,0.7935
EEGNET     , elu       ,1.00E-04,0.1,284,0.7926
EEGNET     , elu       ,1.00E-04,0.6,265,0.7926
EEGNET     , elu       ,1.00E-04,0.4,282,0.7926
EEGNET     , elu       ,1.00E-04,0.4,166,0.7926
EEGNET     , elu       ,2.00E-04,0.7,283,0.7926
EEGNET     , relu      ,2.00E-04,0.8,275,0.7926
EEGNET     , relu      ,2.00E-04,0.7,295,0.7926
EEGNET     , elu       ,4.00E-04,0.7,248,0.7926
EEGNET     , leaky_relu,1.00E-04,0.6,291,0.7917
EEGNET     , elu       ,3.00E-04,0.7,280,0.7917
EEGNET     , relu      ,3.00E-04,0.8,280,0.7917
EEGNET     , elu       ,1.00E-04,0.1,150,0.7907
EEGNET     , leaky_relu,1.00E-04,0.6,299,0.7907
EEGNET     , leaky_relu,1.00E-04,0.5,283,0.7907
EEGNET     , elu       ,1.00E-04,0.2,233,0.7907
EEGNET     , elu       ,3.00E-04,0.3,186,0.7907
EEGNET     , elu       ,3.00E-04,0.7,279,0.7907
EEGNET     , leaky_relu,1.00E-04,0.2,146,0.7898
EEGNET     , elu       ,1.00E-04,0.2,222,0.7898
EEGNET     , elu       ,1.00E-04,0.5,268,0.7898
EEGNET     , elu       ,1.00E-04,0.2,281,0.7898
EEGNET     , elu       ,2.00E-04,0.5,165,0.7898
EEGNET     , elu       ,3.00E-04,0.7,292,0.7898
EEGNET     , elu       ,1.00E-04,0.4,280,0.7889
EEGNET     , leaky_relu,1.00E-04,0.3,293,0.7889
EEGNET     , elu       ,1.00E-04,0.7,269,0.7889
EEGNET     , leaky_relu,2.00E-04,0.8,260,0.7889
EEGNET     , relu      ,1.00E-04,0.7,258,0.788
EEGNET     , elu       ,1.00E-04,0.2,294,0.788
EEGNET     , elu       ,2.00E-04,0.1,245,0.788
EEGNET     , leaky_relu,2.00E-04,0.8,268,0.788
EEGNET     , elu       ,3.00E-04,0.7,298,0.788
EEGNET     , elu       ,4.00E-04,0.8,284,0.788
EEGNET     , elu       ,4.00E-04,0.8,268,0.788
EEGNET     , elu       ,1.00E-04,0.6,290,0.787
EEGNET     , relu      ,2.00E-04,0.8,278,0.787
EEGNET     , leaky_relu,4.00E-04,0.8,287,0.787
EEGNET     , relu      ,4.00E-04,0.8,266,0.787
EEGNET     , relu      ,1.00E-04,0.6,297,0.7861
EEGNET     , elu       ,2.00E-04,0.5,299,0.7861
EEGNET     , elu       ,3.00E-04,0.8,245,0.7861
EEGNET     , elu       ,2.00E-04,0.6,294,0.7852
EEGNET     , leaky_relu,2.00E-04,0.8,269,0.7852
EEGNET     , leaky_relu,3.00E-04,0.8,263,0.7852
EEGNET     , elu       ,1.00E-04,0.5,276,0.7843
EEGNET     , elu       ,2.00E-04,0.7,254,0.7843
EEGNET     , elu       ,3.00E-04,0.7,295,0.7843
EEGNET     , elu       ,4.00E-04,0.7,285,0.7843
EEGNET     , elu       ,1.00E-04,0.5,297,0.7833
EEGNET     , relu      ,2.00E-04,0.8,278,0.7833
EEGNET     , elu       ,1.00E-04,0.3,298,0.7824
EEGNET     , elu       ,1.00E-04,0.2,260,0.7824
EEGNET     , elu       ,2.00E-04,0.6,277,0.7824
EEGNET     , leaky_relu,1.00E-04,0.7,297,0.7815
EEGNET     , relu      ,1.00E-04,0.7,294,0.7815
EEGNET     , elu       ,4.00E-04,0.8,246,0.7815
EEGNET     , elu       ,5.00E-04,0.8,254,0.7815
EEGNET     , relu      ,2.00E-04,0.8,258,0.7806
EEGNET     , elu       ,2.00E-04,0.7,295,0.7806
EEGNET     , relu      ,2.00E-04,0.8,263,0.7806
EEGNET     , relu      ,2.00E-04,0.8,268,0.7806
EEGNET     , elu       ,1.00E-04,0.3,261,0.7796
EEGNET     , relu      ,2.00E-04,0.8,298,0.7796
EEGNET     , leaky_relu,2.00E-04,0.8,271,0.7796
EEGNET     , relu      ,3.00E-04,0.8,272,0.7796
EEGNET     , elu       ,4.00E-04,0.8,284,0.7796
EEGNET     , elu       ,1.00E-04,0.3,146,0.7787
EEGNET     , elu       ,1.00E-04,0.3,295,0.7787
EEGNET     , elu       ,1.00E-04,0.6,292,0.7787
EEGNET     , elu       ,1.00E-04,0.1,282,0.7787
EEGNET     , leaky_relu,1.00E-04,0.7,294,0.7787
EEGNET     , leaky_relu,2.00E-04,0.8,258,0.7787
EEGNET     , elu       ,2.00E-04,0.7,293,0.7787
EEGNET     , elu       ,2.00E-04,0.7,278,0.7787
EEGNET     , elu       ,4.00E-04,0.8,258,0.7787
EEGNET     , relu      ,1.00E-04,0.7,295,0.7778
EEGNET     , elu       ,4.00E-04,0.8,274,0.7778
EEGNET     , elu       ,2.00E-04,0.7,279,0.7769
EEGNET     , elu       ,1.00E-04,0.7,278,0.7759
EEGNET     , leaky_relu,1.00E-04,0.7,279,0.7759
EEGNET     , elu       ,1.00E-04,0.5,270,0.7759
EEGNET     , elu       ,2.00E-04,0.8,278,0.7759
EEGNET     , elu       ,1.00E-04,0.7,297,0.775
EEGNET     , relu      ,1.00E-04,0.7,283,0.7741
EEGNET     , leaky_relu,1.00E-04,0.7,287,0.7741
EEGNET     , elu       ,3.00E-04,0.8,293,0.7741
EEGNET     , elu       ,3.00E-04,0.8,294,0.7741
EEGNET     , relu      ,2.00E-04,0.8,293,0.7731
EEGNET     , elu       ,2.00E-04,0.8,244,0.7731
EEGNET     , elu       ,3.00E-04,0.8,297,0.7731
EEGNET     , elu       ,3.00E-04,0.8,294,0.7731
EEGNET     , relu      ,4.00E-04,0.9,248,0.7722
EEGNET     , leaky_relu,1.00E-04,0.7,266,0.7713
EEGNET     , elu       ,2.00E-04,0.8,291,0.7713
EEGNET     , relu      ,5.00E-04,0.9,262,0.7713
EEGNET     , leaky_relu,2.00E-04,0.8,291,0.7704
EEGNET     , elu       ,2.00E-04,0.8,294,0.7704
EEGNET     , leaky_relu,4.00E-04,0.9,285,0.7704
EEGNET     , relu      ,1.00E-04,0.8,283,0.7694
EEGNET     , leaky_relu,4.00E-04,0.9,280,0.7694
EEGNET     , relu      ,4.00E-04,0.9,284,0.7694
EEGNET     , leaky_relu,1.00E-04,0.4,149,0.7685
EEGNET     , elu       ,2.00E-04,0.7,300,0.7685
EEGNET     , relu      ,4.00E-04,0.9,297,0.7685
EEGNET     , elu       ,4.00E-04,0.8,267,0.7685
EEGNET     , relu      ,1.00E-04,0.7,277,0.7676
EEGNET     , leaky_relu,4.00E-04,0.9,249,0.7676
EEGNET     , elu       ,1.00E-04,0.5,283,0.7667
EEGNET     , elu       ,1.00E-04,0.5,259,0.7667
EEGNET     , relu      ,2.00E-04,0.8,257,0.7667
EEGNET     , relu      ,4.00E-04,0.9,295,0.7657
EEGNET     , relu      ,4.00E-04,0.9,295,0.7648
EEGNET     , relu      ,1.00E-04,0.7,270,0.7639
EEGNET     , elu       ,2.00E-04,0.8,297,0.7639
EEGNET     , relu      ,3.00E-04,0.9,280,0.7639
EEGNET     , leaky_relu,4.00E-04,0.9,267,0.7639
EEGNET     , leaky_relu,1.00E-04,0.7,287,0.763
EEGNET     , leaky_relu,4.00E-04,0.9,279,0.763
EEGNET     , elu       ,1.00E-04,0.3,296,0.762
EEGNET     , relu      ,1.00E-04,0.6,288,0.762
EEGNET     , relu      ,3.00E-04,0.9,242,0.762
EEGNET     , leaky_relu,5.00E-04,0.9,263,0.762
EEGNET     , elu       ,2.00E-04,0.8,288,0.7611
EEGNET     , leaky_relu,2.00E-04,0.8,265,0.7611
EEGNET     , relu      ,4.00E-04,0.9,277,0.7611
EEGNET     , leaky_relu,1.00E-04,0.8,286,0.7602
EEGNET     , relu      ,3.00E-04,0.9,289,0.7602
EEGNET     , leaky_relu,1.00E-04,0.8,293,0.7593
EEGNET     , relu      ,1.00E-04,0.8,285,0.7593
EEGNET     , elu       ,1.00E-04,0.4,205,0.7593
EEGNET     , leaky_relu,3.00E-04,0.9,282,0.7583
EEGNET     , relu      ,1.00E-04,0.8,266,0.7574
EEGNET     , relu      ,4.00E-04,0.9,264,0.7574
EEGNET     , relu      ,1.00E-04,0.7,274,0.7565
EEGNET     , relu      ,3.00E-04,0.9,271,0.7565
EEGNET     , elu       ,4.00E-04,0.8,298,0.7556
EEGNET     , leaky_relu,4.00E-04,0.9,186,0.7556
EEGNET     , elu       ,1.00E-04,0.4,70,0.7546
EEGNET     , leaky_relu,1.00E-04,0.8,279,0.7546
EEGNET     , leaky_relu,3.00E-04,0.9,271,0.7546
EEGNET     , elu       ,1.00E-04,0.2,122,0.7537
EEGNET     , elu       ,1.00E-04,0.6,296,0.7537
EEGNET     , elu       ,3.00E-04,0.9,280,0.7537
EEGNET     , leaky_relu,4.00E-04,0.9,291,0.7528
EEGNET     , elu       ,2.00E-04,0.6,296,0.7519
EEGNET     , leaky_relu,4.00E-04,0.9,262,0.7519
EEGNET     , leaky_relu,1.00E-04,0.8,276,0.7509
EEGNET     , elu       ,2.00E-04,0.8,290,0.7509
EEGNET     , elu       ,2.00E-04,0.8,219,0.7509
EEGNET     , leaky_relu,2.00E-04,0.9,272,0.7509
EEGNET     , leaky_relu,3.00E-04,0.9,269,0.7509
EEGNET     , relu      ,3.00E-04,0.9,288,0.7509
EEGNET     , leaky_relu,3.00E-04,0.9,298,0.7509
EEGNET     , relu      ,1.00E-04,0.8,270,0.75
EEGNET     , elu       ,1.00E-04,0.5,296,0.75
EEGNET     , leaky_relu,1.00E-04,0.8,287,0.7491
EEGNET     , relu      ,1.00E-04,0.8,260,0.7491
EEGNET     , leaky_relu,2.00E-04,0.9,232,0.7491
EEGNET     , leaky_relu,2.00E-04,0.9,270,0.7491
EEGNET     , leaky_relu,1.00E-04,0.8,285,0.7481
EEGNET     , relu      ,3.00E-04,0.9,289,0.7481
EEGNET     , leaky_relu,3.00E-04,0.9,299,0.7481
EEGNET     , leaky_relu,1.00E-04,0.8,289,0.7472
EEGNET     , leaky_relu,3.00E-04,0.9,289,0.7472
EEGNET     , relu      ,4.00E-04,0.9,290,0.7472
EEGNET     , elu       ,1.00E-04,0.6,265,0.7463
EEGNET     , relu      ,1.00E-04,0.8,285,0.7463
EEGNET     , relu      ,4.00E-04,0.9,260,0.7463
EEGNET     , relu      ,1.00E-04,0.7,293,0.7454
EEGNET     , relu      ,3.00E-04,0.9,275,0.7454
EEGNET     , elu       ,1.00E-04,0.6,264,0.7444
EEGNET     , relu      ,2.00E-04,0.9,271,0.7444
EEGNET     , elu       ,4.00E-04,0.8,155,0.7444
EEGNET     , relu      ,1.00E-04,0.8,299,0.7426
EEGNET     , elu       ,2.00E-04,0.7,271,0.7426
EEGNET     , relu      ,2.00E-04,0.9,257,0.7426
EEGNET     , leaky_relu,1.00E-04,0.8,278,0.7417
EEGNET     , elu       ,1.00E-04,0.7,220,0.7417
EEGNET     , elu       ,1.00E-04,0.6,298,0.7417
EEGNET     , elu       ,1.00E-04,0.7,247,0.7417
EEGNET     , relu      ,2.00E-04,0.9,299,0.7417
EEGNET     , elu       ,1.00E-04,0.6,240,0.7407
EEGNET     , elu       ,1.00E-04,0.7,120,0.7398
EEGNET     , elu       ,1.00E-04,0.6,129,0.7398
EEGNET     , relu      ,1.00E-04,0.8,288,0.7398
EEGNET     , elu       ,2.00E-04,0.9,274,0.7398
EEGNET     , leaky_relu,3.00E-04,0.9,285,0.7398
EEGNET     , elu       ,3.00E-04,0.8,195,0.7398
EEGNET     , leaky_relu,3.00E-04,0.9,295,0.7398
EEGNET     , relu      ,1.00E-04,0.7,299,0.7389
EEGNET     , elu       ,1.00E-04,0.8,295,0.7389
EEGNET     , relu      ,1.00E-04,0.9,261,0.7389
EEGNET     , elu       ,2.00E-04,0.8,136,0.7389
EEGNET     , elu       ,2.00E-04,0.7,117,0.7389
EEGNET     , elu       ,1.00E-04,0.7,293,0.738
EEGNET     , relu      ,2.00E-04,0.9,294,0.738
EEGNET     , elu       ,1.00E-04,0.8,280,0.7361
EEGNET     , elu       ,1.00E-04,0.9,299,0.7361
EEGNET     , relu      ,3.00E-04,0.9,298,0.7361
EEGNET     , elu       ,1.00E-04,0.7,231,0.7352
EEGNET     , elu       ,1.00E-04,0.7,256,0.7352
EEGNET     , relu      ,2.00E-04,0.9,296,0.7352
EEGNET     , elu       ,3.00E-04,0.8,168,0.7352
EEGNET     , elu       ,1.00E-04,0.8,292,0.7343
EEGNET     , elu       ,1.00E-04,0.8,149,0.7343
EEGNET     , leaky_relu,1.00E-04,0.8,283,0.7333
EEGNET     , elu       ,1.00E-04,0.8,165,0.7333
EEGNET     , leaky_relu,2.00E-04,0.9,274,0.7333
EEGNET     , leaky_relu,4.00E-04,0.9,300,0.7333
EEGNET     , elu       ,5.00E-04,0.9,277,0.7333
EEGNET     , leaky_relu,3.00E-04,0.9,148,0.7324
EEGNET     , leaky_relu,2.00E-04,0.9,233,0.7315
EEGNET     , elu       ,4.00E-04,0.9,246,0.7315
EEGNET     , leaky_relu,2.00E-04,0.9,289,0.7306
EEGNET     , elu       ,2.00E-04,0.9,155,0.7306
EEGNET     , elu       ,3.00E-04,0.9,283,0.7306
EEGNET     , elu       ,4.00E-04,0.9,277,0.7306
EEGNET     , elu       ,1.00E-04,0.8,232,0.7296
EEGNET     , leaky_relu,2.00E-04,0.9,284,0.7296
EEGNET     , elu       ,3.00E-04,0.9,216,0.7296
EEGNET     , elu       ,4.00E-04,0.9,272,0.7296
EEGNET     , relu      ,1.00E-04,0.8,224,0.7287
EEGNET     , elu       ,1.00E-04,0.8,285,0.7287
EEGNET     , elu       ,1.00E-04,0.8,252,0.7278
EEGNET     , relu      ,3.00E-04,0.9,271,0.7278
EEGNET     , elu       ,1.00E-04,0.9,271,0.7269
EEGNET     , leaky_relu,2.00E-04,0.9,290,0.7269
EEGNET     , relu      ,2.00E-04,0.9,287,0.7269
EEGNET     , elu       ,3.00E-04,0.9,192,0.7269
EEGNET     , elu       ,4.00E-04,0.9,268,0.7269
EEGNET     , elu       ,4.00E-04,0.9,256,0.7269
EEGNET     , elu       ,1.00E-04,0.8,119,0.7259
EEGNET     , leaky_relu,2.00E-04,0.9,294,0.7259
EEGNET     , elu       ,2.00E-04,0.9,290,0.7259
EEGNET     , elu       ,2.00E-04,0.9,277,0.7259
EEGNET     , elu       ,3.00E-04,0.9,270,0.7259
EEGNET     , elu       ,4.00E-04,0.9,273,0.7259
EEGNET     , elu       ,2.00E-04,0.9,261,0.725
EEGNET     , elu       ,2.00E-04,0.9,146,0.725
EEGNET     , elu       ,3.00E-04,0.9,183,0.725
EEGNET     , elu       ,4.00E-04,0.9,251,0.725
EEGNET     , elu       ,2.00E-04,0.9,195,0.7241
EEGNET     , elu       ,2.00E-04,0.9,253,0.7241
EEGNET     , elu       ,4.00E-04,0.9,270,0.7241
EEGNET     , leaky_relu,1.00E-04,0.9,243,0.7231
EEGNET     , elu       ,1.00E-04,0.9,274,0.7231
EEGNET     , leaky_relu,1.00E-04,0.9,289,0.7231
EEGNET     , relu      ,1.00E-04,0.9,295,0.7231
EEGNET     , elu       ,3.00E-04,0.9,121,0.7231
EEGNET     , elu       ,3.00E-04,0.9,261,0.7231
EEGNET     , elu       ,2.00E-04,0.9,267,0.7222
EEGNET     , elu       ,4.00E-04,0.9,217,0.7222
EEGNET     , elu       ,1.00E-04,0.9,179,0.7213
EEGNET     , relu      ,1.00E-04,0.9,260,0.7213
EEGNET     , elu       ,1.00E-04,0.9,243,0.7213
EEGNET     , relu      ,2.00E-04,0.9,193,0.7213
EEGNET     , elu       ,3.00E-04,0.9,173,0.7213
EEGNET     , elu       ,1.00E-04,0.9,223,0.7204
EEGNET     , elu       ,1.00E-04,0.9,106,0.7204
EEGNET     , relu      ,1.00E-04,0.9,293,0.7204
EEGNET     , relu      ,2.00E-04,0.9,297,0.7204
EEGNET     , relu      ,2.00E-04,0.9,232,0.7204
EEGNET     , elu       ,1.00E-04,0.9,296,0.7194
EEGNET     , relu      ,1.00E-04,0.9,265,0.7194
EEGNET     , elu       ,1.00E-04,0.9,294,0.7194
EEGNET     , leaky_relu,1.00E-04,0.9,212,0.7194
EEGNET     , relu      ,1.00E-04,0.9,241,0.7167
EEGNET     , leaky_relu,1.00E-04,0.9,225,0.7167
EEGNET     , leaky_relu,1.00E-04,0.9,212,0.7157
EEGNET     , leaky_relu,1.00E-04,0.9,296,0.7157
EEGNET     , leaky_relu,1.00E-04,0.9,296,0.7148
EEGNET     , relu      ,1.00E-04,0.9,104,0.7139
EEGNET     , leaky_relu,1.00E-04,0.9,231,0.713
EEGNET     , relu      ,1.00E-04,0.9,244,0.712
EEGNET     , leaky_relu,1.00E-04,0.9,260,0.7111
EEGNET     , relu      ,1.00E-04,0.9,259,0.7102
,,,,,
EEGNET     , relu      ,       4.0E-04,  0.2000, 0.1000 ,       228,    0.8602
EEGNET     , leaky_relu,       4.0E-04,  0.2000, 0.1000 ,       146,    0.8611
EEGNET     , elu       ,       4.0E-04,  0.2000, 0.1000 ,       164,    0.8222
EEGNET     , relu      ,       4.0E-04,  0.2000, 0.2000 ,       300,    0.8444
EEGNET     , leaky_relu,       4.0E-04,  0.2000, 0.2000 ,       224,    0.8630
EEGNET     , elu       ,       4.0E-04,  0.2000, 0.2000 ,       167,    0.8370
EEGNET     , relu      ,       4.0E-04,  0.2000, 0.3000 ,       284,    0.8583
EEGNET     , leaky_relu,       4.0E-04,  0.2000, 0.3000 ,       276,    0.8611
EEGNET     , elu       ,       4.0E-04,  0.2000, 0.3000 ,       227,    0.8157
EEGNET     , relu      ,       4.0E-04,  0.2000, 0.4000 ,       124,    0.8556
EEGNET     , leaky_relu,       4.0E-04,  0.2000, 0.4000 ,       172,    0.8620
EEGNET     , elu       ,       4.0E-04,  0.2000, 0.4000 ,       217,    0.8426
EEGNET     , relu      ,       4.0E-04,  0.2000, 0.5000 ,       287,    0.8361
EEGNET     , leaky_relu,       4.0E-04,  0.2000, 0.5000 ,       234,    0.8500
EEGNET     , elu       ,       4.0E-04,  0.2000, 0.5000 ,       291,    0.8148
EEGNET     , relu      ,       4.0E-04,  0.2000, 0.6000 ,       190,    0.8537
EEGNET     , leaky_relu,       4.0E-04,  0.2000, 0.6000 ,       243,    0.8519
EEGNET     , elu       ,       4.0E-04,  0.2000, 0.6000 ,       202,    0.8259
EEGNET     , relu      ,       4.0E-04,  0.2000, 0.7000 ,       111,    0.8648
EEGNET     , leaky_relu,       4.0E-04,  0.2000, 0.7000 ,       271,    0.8435
EEGNET     , elu       ,       4.0E-04,  0.2000, 0.7000 ,       254,    0.8370
EEGNET     , relu      ,       4.0E-04,  0.2000, 0.8000 ,       263,    0.8444
EEGNET     , leaky_relu,       4.0E-04,  0.2000, 0.8000 ,       293,    0.8500
EEGNET     , elu       ,       4.0E-04,  0.2000, 0.8000 ,       258,    0.8231
EEGNET     , relu      ,       4.0E-04,  0.2000, 0.9000 ,       266,    0.8565
EEGNET     , leaky_relu,       4.0E-04,  0.2000, 0.9000 ,       256,    0.8500
EEGNET     , elu       ,       4.0E-04,  0.2000, 0.9000 ,       262,    0.8157
EEGNET     , relu      ,       4.5E-04,  0.2000, 0.4000 ,       187,    0.8491
EEGNET     , leaky_relu,       4.5E-04,  0.2000, 0.4000 ,       199,    0.8444
EEGNET     , elu       ,       4.5E-04,  0.2000, 0.4000 ,       159,    0.8213
EEGNET     , relu      ,       3.5E-04,  0.2000, 0.4000 ,       246,    0.8435
EEGNET     , leaky_relu,       3.5E-04,  0.2000, 0.4000 ,       257,    0.8574
EEGNET     , elu       ,       3.5E-04,  0.2000, 0.4000 ,       274,    0.8306
EEGNET     , relu      ,       4.0E-04,  0.2000, 0.2000 ,       259,    0.8435
EEGNET     , leaky_relu,       4.0E-04,  0.2000, 0.2000 ,       292,    0.8583
EEGNET     , elu       ,       4.0E-04,  0.2000, 0.2000 ,       282,    0.8269
DeepConv   , relu      ,       4.0E-04,  0.2000, 0.5000 ,       248,    0.8037
DeepConv   , leaky_relu,       4.0E-04,  0.2000, 0.5000 ,       148,    0.7926
DeepConv   , elu       ,       4.0E-04,  0.2000, 0.5000 ,       188,    0.7852
EEGNET     , relu      ,       4.0E-04,  0.2000, 0.2500 ,       284,    0.8426
EEGNET     , leaky_relu,       4.0E-04,  0.2000, 0.2500 ,       300,    0.8574
EEGNET     , elu       ,       4.0E-04,  0.2000, 0.2500 ,       203,    0.8139
EEGNET     , relu      ,       4.0E-04,  0.2000, 0.2500 ,       234,    0.8528
EEGNET     , leaky_relu,       4.0E-04,  0.2000, 0.2500 ,       254,    0.8685
EEGNET     , elu       ,       4.0E-04,  0.2000, 0.2500 ,       260,    0.8231
EEGNET     , relu      ,       4.0E-04,  0.2000, 0.2500 ,       183,    0.8667
EEGNET     , leaky_relu,       4.0E-04,  0.2000, 0.2500 ,       281,    0.8648
EEGNET     , elu       ,       4.0E-04,  0.2000, 0.2500 ,       175,    0.8333
EEGNET     , relu      ,       4.0E-04,  0.2000, 0.2800 ,       285,    0.8593
EEGNET     , leaky_relu,       4.0E-04,  0.2000, 0.2800 ,       279,    0.8491
EEGNET     , elu       ,       4.0E-04,  0.2000, 0.2800 ,       297,    0.8361
EEGNET     , relu      ,       4.0E-04,  0.2000, 0.2500 ,       252,    0.8481
EEGNET     , leaky_relu,       4.0E-04,  0.2000, 0.2500 ,       202,    0.8519
EEGNET     , elu       ,       4.0E-04,  0.2000, 0.2500 ,       278,    0.8315
EEGNET     , relu      ,       4.0E-04,  0.2000, 0.2500 ,       244,    0.8491
EEGNET     , leaky_relu,       4.0E-04,  0.2000, 0.2500 ,       180,    0.8500
EEGNET     , elu       ,       4.0E-04,  0.2000, 0.2500 ,       227,    0.8361
EEGNET     , relu      ,       4.0E-04,  0.2000, 0.5000 ,       268,    0.8528
EEGNET     , leaky_relu,       4.0E-04,  0.2000, 0.5000 ,       261,    0.8491
EEGNET     , relu      ,       1.0E-03,  0.2000, 0.2500 ,       286,    0.8574
EEGNET     , leaky_relu,       1.0E-03,  0.2000, 0.2500 ,       187,    0.8583
EEGNET     , elu       ,       1.0E-03,  0.2000, 0.2500 ,       259,    0.8157
EEGNET     , relu      ,       1.0E-03,  0.2000, 0.2500 ,       263,    0.8528
EEGNET     , leaky_relu,       1.0E-03,  0.2000, 0.2500 ,       282,    0.8528
EEGNET     , elu       ,       1.0E-03,  0.2000, 0.2500 ,       234,    0.8333
EEGNET     , relu      ,       1.0E-03,  0.2000, 0.2000 ,       233,    0.8657
EEGNET     , leaky_relu,       1.0E-03,  0.2000, 0.2000 ,       222,    0.8537
EEGNET     , elu       ,       1.0E-03,  0.2000, 0.2000 ,       101,    0.8185
EEGNET     , relu      ,       1.0E-03,  0.2000, 0.2000 ,       382,    0.8537
EEGNET     , leaky_relu,       1.0E-03,  0.2000, 0.2000 ,       449,    0.8537
EEGNET     , elu       ,       1.0E-03,  0.2000, 0.2000 ,       311,    0.8343
EEGNET     , relu      ,       1.0E-03,  0.2000, 0.2000 ,       237,    0.8611
EEGNET     , leaky_relu,       1.0E-03,  0.2000, 0.2000 ,       299,    0.8583
EEGNET     , elu       ,       1.0E-03,  0.2000, 0.2000 ,       190,    0.8046
EEGNET     , relu      ,       1.0E-03,  0.0000, 0.2000 ,       264,    0.8648
EEGNET     , leaky_relu,       1.0E-03,  0.0000, 0.2000 ,       291,    0.8602
EEGNET     , elu       ,       1.0E-03,  0.0000, 0.2000 ,       206,    0.8213
EEGNET     , relu      ,       1.0E-03,  0.0000, 0.2000 ,       139,    0.8315
EEGNET     , leaky_relu,       1.0E-03,  0.0000, 0.2000 ,       293,    0.8269
EEGNET     , relu      ,       1.0E-03,  0.0000, 0.2000 ,       292,    0.8509
EEGNET     , leaky_relu,       1.0E-03,  0.0000, 0.2000 ,       297,    0.8593
EEGNET     , elu       ,       1.0E-03,  0.0000, 0.2000 ,       144,    0.8463
EEGNET     , relu      ,       1.0E-03,  0.0000, 0.2000 ,       258,    0.8537
EEGNET     , leaky_relu,       1.0E-03,  0.0000, 0.2000 ,       270,    0.8556
EEGNET     , elu       ,       1.0E-03,  0.0000, 0.2000 ,       279,    0.8185
EEGNET     , relu      ,       1.0E-03,  0.0000, 0.2000 ,       118,    0.8546
EEGNET     , leaky_relu,       1.0E-03,  0.0000, 0.2000 ,       272,    0.8620
EEGNET     , elu       ,       1.0E-03,  0.0000, 0.2000 ,       174,    0.8278
EEGNET     , relu      ,       1.0E-03,  0.2000, 0.2000 ,       250,    0.8685
EEGNET     , leaky_relu,       1.0E-03,  0.2000, 0.2000 ,       258,    0.8676
EEGNET     , elu       ,       1.0E-03,  0.2000, 0.2000 ,       220,    0.8500
EEGNET     , relu      ,       1.0E-03,  0.2000, 0.2000 ,       250,    0.8685
EEGNET     , leaky_relu,       1.0E-03,  0.2000, 0.2000 ,       236,    0.8750
EEGNET     , elu       ,       1.0E-03,  0.2000, 0.2000 ,       172,    0.8426
EEGNET     , relu      ,       1.0E-03,  0.2000, 0.2000 ,       278,    0.8769
EEGNET     , leaky_relu,       1.0E-03,  0.2000, 0.2000 ,       212,    0.8759
EEGNET     , elu       ,       1.0E-03,  0.2000, 0.2000 ,       266,    0.8426
EEGNET     , relu      ,       1.0E-03,  0.2000, 0.2000 ,       233,    0.8694
EEGNET     , leaky_relu,       1.0E-03,  0.2000, 0.2000 ,       281,    0.8639
EEGNET     , elu       ,       1.0E-03,  0.2000, 0.2000 ,       256,    0.8398
EEGNET     , relu      ,       1.0E-03,  0.2000, 0.2000 ,       290,    0.8778
EEGNET     , relu      ,       1.0E-03,  0.2000, 0.2000 ,       121,    0.8685
EEGNET     , leaky_relu,       1.0E-03,  0.2000, 0.2000 ,       277,    0.8713
EEGNET     , relu      ,       1.0E-03,  0.2000, 0.2000 ,       296,    0.8759
EEGNET     , leaky_relu,       1.0E-03,  0.2000, 0.2000 ,       238,    0.8685
EEGNET     , elu       ,       1.0E-03,  0.2000, 0.2000 ,       116,    0.8315
EEGNET     , relu      ,       1.0E-03,  0.2000, 0.2000 ,       183,    0.8694
EEGNET     , leaky_relu,       1.0E-03,  0.2000, 0.2000 ,       269,    0.8713
EEGNET     , elu       ,       1.0E-03,  0.2000, 0.2000 ,       293,    0.8426
